1637836510.369901,1637836510.8445098,1637836511.1661024
1637836516.3304927,1637836516.790086,1637836517.1101933
1638204724.6988595,1638204725.0386045,1638204725.4791079
1638204730.2006311,1638204730.6242187,1638204731.0633717
1638204734.0899124,1638204734.5880783,1638204735.0108347
1638205058.2691567,1638205058.6835933,1638205059.1236804
1638205062.8536527,1638205063.3678858,1638205063.8067145
1638205066.898635,1638205067.3318143,1638205067.7544413
1638205070.7360737,,1638205070.8567433
1638205364.47975,1638205364.9535959,1638205365.3922253
1638205369.6288035,1638205370.178851,1638205370.6175523
1638205373.4787786,1638205373.9623508,1638205374.4010854
1638205377.3787558,1638205377.9268968,1638205378.3649755
1638205380.8693259,1638205381.349578,1638205381.788082
1638205384.5484116,1638205384.9530764,1638205385.3916173
1638205388.1318676,1638205388.5566928,1638205388.9954655
1638205391.3067353,1638205391.8000023,1638205392.2385485
1638205394.455324,1638205394.8628778,1638205395.3020046
1638275089.8300097,1638275090.1483824,1638275090.3753488
1638275152.6483417,1638275153.02836,1638275153.2555904
1638275165.9293108,1638275166.3611197,1638275166.5884025
1638275174.3889136,1638275174.648899,1638275174.8762112
1638275178.1006906,1638275178.43268,1638275178.6597989
